{"entity_id":"uc.main.8cdb914e-b3a3-4468-85ba-998a48cff36c","entity_type":"activity","integration_id":"uc.main","name":{"en":"Shield salon activité"},"features":["start"],"description":{},"options":{"button_mapping":[{"button":"BACK"},{"button":"HOME"},{"button":"VOICE"},{"button":"VOLUME_UP"},{"button":"VOLUME_DOWN"},{"button":"GREEN"},{"button":"DPAD_UP"},{"button":"YELLOW"},{"button":"DPAD_LEFT"},{"button":"DPAD_MIDDLE"},{"button":"DPAD_RIGHT"},{"button":"RED"},{"button":"DPAD_DOWN"},{"button":"BLUE"},{"button":"CHANNEL_UP"},{"button":"CHANNEL_DOWN"},{"button":"MUTE"},{"button":"PREV"},{"button":"PLAY"},{"button":"NEXT"},{"button":"POWER"}],"included_entities":[],"sequences":{},"user_interface":{"pages":[{"grid":{"height":6,"width":4},"items":[],"page_id":"main"}]}}}