{"entity_id":"uc.main.3215870b-2a12-4b68-a9f5-6ac92df6e401","entity_type":"activity","integration_id":"uc.main","name":{"en":"Shield"},"features":["start"],"description":{},"options":{"button_mapping":[{"button":"BACK"},{"button":"HOME"},{"button":"VOICE"},{"button":"VOLUME_UP"},{"button":"VOLUME_DOWN"},{"button":"GREEN"},{"button":"DPAD_UP"},{"button":"YELLOW"},{"button":"DPAD_LEFT"},{"button":"DPAD_MIDDLE"},{"button":"DPAD_RIGHT"},{"button":"RED"},{"button":"DPAD_DOWN"},{"button":"BLUE"},{"button":"CHANNEL_UP"},{"button":"CHANNEL_DOWN"},{"button":"MUTE"},{"button":"PREV"},{"button":"PLAY"},{"button":"NEXT"},{"button":"POWER"}],"included_entities":[{"entity_id":"uc_androidtv2_driver.main.00044BE87F74","entity_type":"media_player","integration":{"icon":"uc:integration","name":{"en":"Android TV"}},"name":{"en":"SHIELD Salon"}}],"user_interface":{"pages":[{"grid":{"height":6,"width":4},"items":[{"command":{"cmd_id":"media_player.context_menu","entity_id":"uc_androidtv2_driver.main.00044BE87F74","params":{}},"icon":"uc:tv","location":{"x":0,"y":1},"size":{"height":1,"width":1},"type":"icon"}],"name":"New page","page_id":"main"}]}}}