{"entity_id":"uc.main.791b92b9-0741-4c3b-8472-53b59011ec96","entity_type":"activity","integration_id":"uc.main","name":{"en":"LG"},"features":["start"],"description":{},"options":{"button_mapping":[{"button":"BACK"},{"button":"HOME","short_press":{"cmd_id":"media_player.home","entity_id":"uc_lgtv_driver.main.media_player.ac:5a:f0:97:66:76","params":{}}},{"button":"VOICE"},{"button":"VOLUME_UP"},{"button":"VOLUME_DOWN"},{"button":"GREEN"},{"button":"DPAD_UP"},{"button":"YELLOW"},{"button":"DPAD_LEFT"},{"button":"DPAD_MIDDLE"},{"button":"DPAD_RIGHT"},{"button":"RED"},{"button":"DPAD_DOWN"},{"button":"BLUE"},{"button":"CHANNEL_UP"},{"button":"CHANNEL_DOWN"},{"button":"MUTE"},{"button":"PREV"},{"button":"PLAY"},{"button":"NEXT"},{"button":"POWER"}],"included_entities":[{"entity_id":"uc_lgtv_driver.main.media_player.ac:5a:f0:97:66:76","entity_type":"media_player","integration":{"icon":"uc:integration","name":{"en":"LG TV"}},"name":{"en":"OLED77G26LA"}}],"user_interface":{"pages":[{"grid":{"height":6,"width":4},"items":[],"page_id":"main"}]}}}