{"entity_id":"uc.main.9aebd3b3-0290-4a09-b782-1906b2938c5b","entity_type":"activity","integration_id":"uc.main","name":{"en":"Test sony 3"},"icon":"uc:activity","features":["start"],"description":{"en":""},"options":{"button_mapping":[{"button":"BACK"},{"button":"HOME"},{"button":"VOICE"},{"button":"VOLUME_UP","short_press":{"cmd_id":"media_player.volume_up","entity_id":"sonyavr_driver.main.media_player.5501824"}},{"button":"VOLUME_DOWN","short_press":{"cmd_id":"media_player.volume_down","entity_id":"sonyavr_driver.main.media_player.5501824"}},{"button":"GREEN"},{"button":"DPAD_UP"},{"button":"YELLOW"},{"button":"DPAD_LEFT"},{"button":"DPAD_MIDDLE"},{"button":"DPAD_RIGHT"},{"button":"RED"},{"button":"DPAD_DOWN"},{"button":"BLUE"},{"button":"CHANNEL_UP"},{"button":"CHANNEL_DOWN"},{"button":"MUTE","short_press":{"cmd_id":"media_player.mute_toggle","entity_id":"sonyavr_driver.main.media_player.5501824"}},{"button":"PREV","short_press":{"cmd_id":"media_player.previous","entity_id":"sonyavr_driver.main.media_player.5501824"}},{"button":"PLAY","short_press":{"cmd_id":"media_player.play_pause","entity_id":"sonyavr_driver.main.media_player.5501824"}},{"button":"NEXT","short_press":{"cmd_id":"media_player.next","entity_id":"sonyavr_driver.main.media_player.5501824"}},{"button":"POWER"}],"included_entities":[{"entity_id":"sonyavr_driver.main.media_player.5501824","entity_type":"media_player","integration":{"icon":"custom:sony.png","name":{"en":"Sony AVR Network Receivers"}},"name":{"en":"TA-AN1000"}}],"user_interface":{"pages":[{"grid":{"height":6,"width":4},"items":[{"command":{"cmd_id":"media_player.on","entity_id":"sonyavr_driver.main.media_player.5501824"},"icon":"uc:power-on","location":{"x":1,"y":0},"size":{"height":1,"width":1},"type":"icon"}],"name":"Commands","page_id":"main"},{"grid":{"height":1,"width":1},"items":[{"location":{"x":0,"y":0},"media_player_id":"sonyavr_driver.main.media_player.5501824","size":{"height":1,"width":1},"type":"media_player"}],"name":"Media Player","page_id":"44123c07-1456-4d9d-8402-2f267b0894cc"}]}}}