{"entity_id":"uc.main.2c300afb-5102-4f7e-870f-2febb203367d","entity_type":"activity","integration_id":"uc.main","name":{"en":"Kodi"},"features":["start"],"description":{},"options":{"button_mapping":[{"button":"BACK"},{"button":"HOME","short_press":{"cmd_id":"media_player.menu","entity_id":"uc_lgtv_driver.main.media_player.ac:5a:f0:97:66:76"}},{"button":"VOICE"},{"button":"VOLUME_UP","short_press":{"cmd_id":"media_player.volume_up","entity_id":"uc_lgtv_driver.main.media_player.ac:5a:f0:97:66:76"}},{"button":"VOLUME_DOWN","short_press":{"cmd_id":"media_player.volume_down","entity_id":"uc_lgtv_driver.main.media_player.ac:5a:f0:97:66:76"}},{"button":"GREEN"},{"button":"DPAD_UP","short_press":{"cmd_id":"media_player.cursor_up","entity_id":"uc_lgtv_driver.main.media_player.ac:5a:f0:97:66:76"}},{"button":"YELLOW"},{"button":"DPAD_LEFT","short_press":{"cmd_id":"media_player.cursor_left","entity_id":"uc_lgtv_driver.main.media_player.ac:5a:f0:97:66:76"}},{"button":"DPAD_MIDDLE","long_press":{"cmd_id":"media_player.context_menu","entity_id":"uc_lgtv_driver.main.media_player.ac:5a:f0:97:66:76"},"short_press":{"cmd_id":"media_player.cursor_enter","entity_id":"uc_lgtv_driver.main.media_player.ac:5a:f0:97:66:76"}},{"button":"DPAD_RIGHT","short_press":{"cmd_id":"media_player.cursor_right","entity_id":"uc_lgtv_driver.main.media_player.ac:5a:f0:97:66:76"}},{"button":"RED"},{"button":"DPAD_DOWN","short_press":{"cmd_id":"media_player.cursor_down","entity_id":"uc_lgtv_driver.main.media_player.ac:5a:f0:97:66:76"}},{"button":"BLUE"},{"button":"CHANNEL_UP","short_press":{"cmd_id":"media_player.channel_up","entity_id":"uc_lgtv_driver.main.media_player.ac:5a:f0:97:66:76"}},{"button":"CHANNEL_DOWN","short_press":{"cmd_id":"media_player.channel_down","entity_id":"uc_lgtv_driver.main.media_player.ac:5a:f0:97:66:76"}},{"button":"MUTE","short_press":{"cmd_id":"media_player.unmute","entity_id":"uc_lgtv_driver.main.media_player.ac:5a:f0:97:66:76"}},{"button":"PREV","short_press":{"cmd_id":"media_player.rewind","entity_id":"uc_lgtv_driver.main.media_player.ac:5a:f0:97:66:76"}},{"button":"PLAY","short_press":{"cmd_id":"media_player.play_pause","entity_id":"uc_lgtv_driver.main.media_player.ac:5a:f0:97:66:76"}},{"button":"NEXT","short_press":{"cmd_id":"media_player.fast_forward","entity_id":"uc_lgtv_driver.main.media_player.ac:5a:f0:97:66:76"}},{"button":"POWER"}],"included_entities":[{"entity_id":"uc_lgtv_driver.main.media_player.ac:5a:f0:97:66:76","entity_type":"media_player","integration":{"icon":"uc:integration","name":{"en":"LG TV"}},"name":{"en":"OLED77G26LA"}}],"sequences":{},"user_interface":{"pages":[{"grid":{"height":6,"width":4},"items":[{"icon":"uc:tv","location":{"x":0,"y":0},"size":{"height":1,"width":1},"type":"icon"}],"name":"New page","page_id":"main"},{"grid":{"height":4,"width":3},"items":[{"command":{"cmd_id":"media_player.digit_1","entity_id":"uc_lgtv_driver.main.media_player.ac:5a:f0:97:66:76"},"location":{"x":0,"y":0},"size":{"height":1,"width":1},"text":"1","type":"text"},{"command":{"cmd_id":"media_player.digit_2","entity_id":"uc_lgtv_driver.main.media_player.ac:5a:f0:97:66:76"},"location":{"x":1,"y":0},"size":{"height":1,"width":1},"text":"2","type":"text"},{"command":{"cmd_id":"media_player.digit_3","entity_id":"uc_lgtv_driver.main.media_player.ac:5a:f0:97:66:76"},"location":{"x":2,"y":0},"size":{"height":1,"width":1},"text":"3","type":"text"},{"command":{"cmd_id":"media_player.digit_4","entity_id":"uc_lgtv_driver.main.media_player.ac:5a:f0:97:66:76"},"location":{"x":0,"y":1},"size":{"height":1,"width":1},"text":"4","type":"text"},{"command":{"cmd_id":"media_player.digit_5","entity_id":"uc_lgtv_driver.main.media_player.ac:5a:f0:97:66:76"},"location":{"x":1,"y":1},"size":{"height":1,"width":1},"text":"5","type":"text"},{"command":{"cmd_id":"media_player.digit_6","entity_id":"uc_lgtv_driver.main.media_player.ac:5a:f0:97:66:76"},"location":{"x":2,"y":1},"size":{"height":1,"width":1},"text":"6","type":"text"},{"command":{"cmd_id":"media_player.digit_7","entity_id":"uc_lgtv_driver.main.media_player.ac:5a:f0:97:66:76"},"location":{"x":0,"y":2},"size":{"height":1,"width":1},"text":"7","type":"text"},{"command":{"cmd_id":"media_player.digit_8","entity_id":"uc_lgtv_driver.main.media_player.ac:5a:f0:97:66:76"},"location":{"x":1,"y":2},"size":{"height":1,"width":1},"text":"8","type":"text"},{"command":{"cmd_id":"media_player.digit_9","entity_id":"uc_lgtv_driver.main.media_player.ac:5a:f0:97:66:76"},"location":{"x":2,"y":2},"size":{"height":1,"width":1},"text":"9","type":"text"},{"command":{"cmd_id":"media_player.digit_0","entity_id":"uc_lgtv_driver.main.media_player.ac:5a:f0:97:66:76"},"location":{"x":1,"y":3},"size":{"height":1,"width":1},"text":"0","type":"text"}],"name":"Numbers","page_id":"1c926925-6672-4d9c-be36-5a8aede72285"},{"grid":{"height":1,"width":1},"items":[{"location":{"x":0,"y":0},"media_player_id":"uc_lgtv_driver.main.media_player.ac:5a:f0:97:66:76","size":{"height":1,"width":1},"type":"media_player"}],"name":"Player","page_id":"ece2e99b-2622-4e57-90be-c0db2ffad934"}]}}}