{"entity_id":"uc.main.df06e078-d14e-433a-96cc-44ed09c5406e","entity_type":"activity","integration_id":"uc.main","name":{"en":"Shield chambre activité"},"features":["start"],"description":{},"options":{"button_mapping":[{"button":"BACK"},{"button":"HOME"},{"button":"VOICE"},{"button":"VOLUME_UP"},{"button":"VOLUME_DOWN"},{"button":"GREEN"},{"button":"DPAD_UP"},{"button":"YELLOW"},{"button":"DPAD_LEFT"},{"button":"DPAD_MIDDLE"},{"button":"DPAD_RIGHT"},{"button":"RED"},{"button":"DPAD_DOWN"},{"button":"BLUE"},{"button":"CHANNEL_UP"},{"button":"CHANNEL_DOWN"},{"button":"MUTE"},{"button":"PREV"},{"button":"PLAY"},{"button":"NEXT"},{"button":"POWER"}],"included_entities":[{"entity_id":"android2.main.48B02D30CE5B","entity_type":"media_player","integration":{"icon":"uc:integration","name":{"en":"Android TV"}},"name":{"en":"Shield chambre"}}],"user_interface":{"pages":[{"grid":{"height":6,"width":4},"items":[],"page_id":"main"}]}}}