{"entity_id":"uc.main.85e34dfb-2c07-45e5-bb62-1168a9534ac3","entity_type":"activity","integration_id":"uc.main","name":{"en":"Z20"},"features":["start"],"description":{},"options":{"button_mapping":[{"button":"BACK"},{"button":"HOME"},{"button":"VOICE"},{"button":"VOLUME_UP"},{"button":"VOLUME_DOWN"},{"button":"GREEN"},{"button":"DPAD_UP"},{"button":"YELLOW"},{"button":"DPAD_LEFT"},{"button":"DPAD_MIDDLE"},{"button":"DPAD_RIGHT"},{"button":"RED"},{"button":"DPAD_DOWN"},{"button":"BLUE"},{"button":"CHANNEL_UP"},{"button":"CHANNEL_DOWN"},{"button":"MUTE"},{"button":"PREV"},{"button":"PLAY"},{"button":"NEXT"},{"button":"POWER"}],"included_entities":[{"entity_id":"hass2.main.remote.z20_pro","entity_type":"remote","icon":"uc:remote","integration":{"icon":"custom:appletv.png","name":{"en":"Home Assistant 2"}},"name":{"en":"Z20 PRO"}}],"user_interface":{"pages":[{"grid":{"height":6,"width":4},"items":[{"icon":"uc:tv","location":{"x":0,"y":0},"size":{"height":1,"width":1},"type":"icon"}],"name":"New page","page_id":"main"}]}}}