{"entity_id":"uc_kodi_driver.main.media_player.192.168.1.20","device_class":"receiver","entity_type":"media_player","integration_id":"uc_kodi_driver.main","name":{"en":"Kodi"},"features":["on_off","volume","volume_up_down","mute_toggle","mute","unmute","play_pause","stop","next","previous","fast_forward","rewind","media_title","media_image_url","media_type","media_duration","media_position","dpad","numpad","home","menu","context_menu","info","color_buttons","channel_switcher","audio_track","subtitle","seek"],"description":{},"options":{"simple_commands":["MENU_VIDEO","MODE_FULLSCREEN","MODE_ZOOM_IN","MODE_ZOOM_OUT","MODE_INCREASE_PAR","MODE_DECREASE_PAR","MODE_SHOW_SUBTITLES","MODE_SUBTITLES_DELAY_MINUS","MODE_SUBTITLES_DELAY_PLUS","MODE_AUDIO_DELAY_MINUS","MODE_AUDIO_DELAY_PLUS","MODE_DELETE"]}}