{"driver_id":"hass","name":{"en":"Home Assistant"},"driver_type":"EXTERNAL","driver_url":"ws://192.168.1.26:8000/ws","version":"v0.9.0-15-g083a5c8-dirty","min_core_api":"0.20.0","icon":"uc:integration","enabled":true,"description":{"en":"Control Home Assistant entities with Remote Two.","fr":"Contrôler les entités de Home Assistant avec Remote Two.","de":"Steuere Home Assistant Entitäten mit Remote Two."},"developer":{"name":"Unfolded Circle ApS","url":"https://www.unfoldedcircle.com","email":"hello@unfoldedcircle.com"},"home_page":"https://www.unfoldedcircle.com","device_discovery":false,"setup_data_schema":{"settings":[{"field":{"label":{"value":{"de":"Der Treiber benötigt WebSocket-API Zugriff, um mit Home Assistant zu kommunizieren.\nWeitere Informationen zur Erstellung eines langlebigen Zugriffstokens findest du in der [Home Assistant Dokumentation](https://www.home-assistant.io/docs/authentication/).\n\nDas Zugriffstoken wird zum Einrichten der Integration benötigt. Wird die Integration neu konfiguriert, kann das Zugriffstoken weggelassen werden und das vorher konfigurierte Token wird verwendet.","en":"The driver requires WebSocket API access to communicate with Home Assistant.\nSee [Home Assistant documentation](https://www.home-assistant.io/docs/authentication/) for more information on how to create a long lived access token.\n\nThe access token is required for setting up the integration. If the integration is reconfigured, the access token can be omitted and the previously configured token is used.","fr":"Le pilote nécessite l'accès à l'API WebSocket pour communiquer avec Home Assistant.\nVoir [Home Assistant documentation] (https://www.home-assistant.io/docs/authentication/) pour plus d'informations sur la création d'un \"long lived access token\".\n\nLe token d'accès est requis pour configurer l'intégration. Si l'intégration est reconfigurée, le token d'accès peut être omis et le token précédemment configuré est utilisé."}}},"id":"info","label":{"en":"Home Assistant Server","fr":"Serveur Home Assistant"}},{"field":{"text":{"value":"ws://homeassistant.local:8123/api/websocket"}},"id":"url","label":{"en":"WebSocket API URL"}},{"field":{"password":{}},"id":"token","label":{"de":"Langlebiges Zugriffstoken (leer: altes Token)","en":"Long lived access token (empty: old token)"}},{"field":{"checkbox":{"value":false}},"id":"expert","label":{"de":"Erweiterte Optionen konfigurieren","en":"Configure enhanced options","fr":"Configurer les options avancées"}}],"title":{"de":"Home Assistant Konfiguration","en":"Home Assistant settings","fr":"Configuration Home Assistant"}},"release_date":"2023-03-08","instances":[{"integration_id":"hass.main","name":{"en":"Home Assistant 2"},"icon":"uc:integration","enabled":true,"setup_data":{"expert":"false","url":"ws://homeassistant2.local:8123/api/websocket"}}]}