{"driver_id":"uc_androidtv2_driver","name":{"en":"Android TV"},"driver_type":"EXTERNAL","driver_url":"ws://192.168.1.140:9090/ws","version":"0.5.0","min_core_api":"0.20.0","icon":"uc:integration","enabled":true,"description":{"en":"Control your Android TV with Remote Two.","fr":"Contrôler votre Android TV avec Remote Two.","de":"Steuere Android TV mit Remote Two."},"developer":{"name":"Unfolded Circle ApS","url":"https://www.unfoldedcircle.com","email":"hello@unfoldedcircle.com"},"home_page":"https://www.unfoldedcircle.com","device_discovery":false,"setup_data_schema":{"settings":[{"field":{"label":{"value":{"de":"Die Integration wird dein Apple TV in deinem Netzwerk erkennen.\nDurch die Integration wird Ihr Android TV in Ihrem Netzwerk erkannt. Es werden nur Geräte mit [Android TV Remote Service](https://play.google.com/store/apps/details?id=com.google.android.tv.remote.service) unterstützt\nWährend des Vorgangs müssen Sie möglicherweise eine PIN eingeben, die auf Ihrem Android TV angezeigt wird. Bitte stellen Sie sicher, dass Ihr Android TV eingeschaltet ist und keine alte Kopplungsanfrage angezeigt wird.\nWenn die Kopplung ständig fehlschlägt, starten Sie Ihr Android TV-Gerät neu und versuchen Sie es erneut.","en":"The integration will discover your Android TV on your network. Only devices running the [Android TV Remote Service](https://play.google.com/store/apps/details?id=com.google.android.tv.remote.service) are supported.\nDuring the process, you might need to enter a PIN that is shown on your Android TV. Please make sure that your Android TV is powered on and that no old pairing request is shown.\nIf pairing continuously fails, reboot your Android TV device and try again.","fr":"L'intégration découvrira votre Android TV sur votre réseau. Seuls les appareils faisant tourner le [Android TV Remote Service](https://play.google.com/store/apps/details?id=com.google.android.tv.remote.service) sont supportés.\nDurant la procédure, vous devrez saisir un code PIN qui sera affiché sur votre Android TV. Assurez-vous que votre Android TV est allumée et qu'aucune ancienne requête d'apparaige est affichée.\nSi l'appairage échoue systématiquement, redémarrez votre Android TV et réessayez"}}},"id":"info","label":{"de":"Setup Fortschritt","en":"Setup process","fr":"Progression de la configuration"}}],"title":{"de":"Integrationssetup","en":"Integration setup","fr":"Configuration de l'intégration"}},"release_date":"2024-03-27","instances":[{"integration_id":"uc_androidtv2_driver.main","name":{"en":"Android TV"},"icon":"uc:integration","enabled":true,"setup_data":{}}]}