{"driver_id":"uc_kodi_driver","name":{"en":"Kodi"},"driver_type":"EXTERNAL","driver_url":"ws://192.168.1.140:8097/ws","version":"0.0.1","min_core_api":"0.20.0","icon":"custom:kodi.png","enabled":true,"description":{"fr":"Contrôler Kodi instance avec Remote Two.","en":"Control your Kodi instance with Remote Two.","de":"Steuere Kodi instance mit Remote Two."},"developer":{"name":"Unfolded Circle ApS","url":"https://www.unfoldedcircle.com","email":"hello@unfoldedcircle.com"},"home_page":"https://www.unfoldedcircle.com","device_discovery":false,"setup_data_schema":{"settings":[{"field":{"label":{"value":{"de":"Diese Integration wird Kodi instance im Netzwerk finden.","en":"The integration will discover your Kodi instance on your network.","fr":"Cette intégration trouvera vos instances Kodi dans le réseau."}}},"id":"info","label":{"de":"Setup Fortschritt","en":"Setup process","fr":"Avancement de la configuration"}}],"title":{"de":"Integrations setup","en":"Integration setup","fr":"Configuration de l'intégration"}},"release_date":"2024-04-08","instances":[{"integration_id":"uc_kodi_driver.main","name":{"en":"Kodi"},"icon":"custom:kodi.png","enabled":true,"setup_data":{}}]}