{"entity_id":"uc_lgtv_driver.main.media_player.ac:5a:f0:97:66:76","device_class":"receiver","entity_type":"media_player","integration_id":"uc_lgtv_driver.main","name":{"en":"OLED77G26LA"},"features":["audio_track","channel_switcher","color_buttons","context_menu","dpad","fast_forward","guide","home","info","media_image_url","media_title","media_type","menu","mute","mute_toggle","next","numpad","on_off","play_pause","previous","record","rewind","select_source","settings","stop","subtitle","toggle","unmute","volume","volume_up_down"],"description":{},"options":{}}