{"driver_id":"uc_denon_driver2","name":{"en":"Denon AVR Network Receivers"},"driver_type":"EXTERNAL","driver_url":"ws://192.168.1.140:8092/ws","version":"0.3.0","min_core_api":"0.20.0","icon":"uc:integration","enabled":true,"description":{"de":"Steuere Denon oder Marantz AVRs mit Remote Two.","en":"Control your Denon or Marantz AVRs with Remote Two.","fr":"Contrôler Denon ou Marantz AVRs avec Remote Two."},"developer":{"name":"Unfolded Circle ApS","url":"https://www.unfoldedcircle.com","email":"hello@unfoldedcircle.com"},"home_page":"https://www.unfoldedcircle.com","device_discovery":false,"setup_data_schema":{"settings":[{"field":{"label":{"value":{"de":"Diese Integration wird Denon und Marantz AVRs im Netzwerk finden. Das Gerät muss sich im gleichen Netzwerk wie die Fernbedienung befinden.","en":"The integration will discover your Denon or Marantz AVRs on your network. The device must be on the same network as the remote.","fr":"Cette intégration trouvera des AVR Denon et Marantz dans le réseau. L'appareil doit être sur le même réseau que la télécommande."}}},"id":"info","label":{"de":"Setup Fortschritt","en":"Setup process","fr":"Progrès de la configuration"}}],"title":{"de":"Integrationssetup","en":"Integration setup","fr":"Configuration de l'intégration"}},"release_date":"2024-03-18","instances":[{"integration_id":"uc_denon_driver2.main","name":{"en":"Denon AVR Network Receivers"},"icon":"uc:integration","enabled":true,"setup_data":{}}]}